Type,Name,Request Count,Failure Count,Median Response Time,Average Response Time,Min Response Time,Max Response Time,Average Content Size,Requests/s,Failures/s,50%,66%,75%,80%,90%,95%,98%,99%,99.9%,99.99%,100%
GET,/prod/camelcase?text=I%20have%20a%20few%20jokes%20about%20unemployed%20people%2C%20but%20none%20of%20them%20work.,1,0,2626.060000999132,2626.060000999132,2626.060000999132,2626.060000999132,54.0,0.3435901569619722,0.0,2600,2600,2600,2600,2600,2600,2600,2600,2600,2600,2600
GET,/prod/camelcase?text=I%20used%20to%20be%20a%20baker%2C%20but%20I%20couldn%27t%20make%20enough%20dough.,1,0,2860.1200840057572,2860.1200840057572,2860.1200840057572,2860.1200840057572,43.0,0.3435901569619722,0.0,2900,2900,2900,2900,2900,2900,2900,2900,2900,2900,2900
GET,/prod/camelcase?text=I%20used%20to%20think%20I%20was%20indecisive%2C%20but%20now%20I%27m%20not%20too%20sure.,1,0,2787.026752004749,2787.026752004749,2787.026752004749,2787.026752004749,46.0,0.3435901569619722,0.0,2800,2800,2800,2800,2800,2800,2800,2800,2800,2800,2800
GET,/prod/camelcase?text=My%20wife%20told%20me%20to%20stop%20impersonating%20a%20flamingo.%20I%20had%20to%20put%20my%20foot%20down.,3,0,2700.0,2712.52975166135,2682.9185849928763,2767.805709998356,61.0,1.0307704708859167,0.0,2700,2700,2800,2800,2800,2800,2800,2800,2800,2800,2800
GET,/prod/camelcase?text=The%20future%2C%20the%20present%2C%20and%20the%20past%20walked%20into%20a%20bar.%20Things%20got%20a%20little%20tense.,1,0,2645.6026260129875,2645.6026260129875,2645.6026260129875,2645.6026260129875,66.0,0.3435901569619722,0.0,2600,2600,2600,2600,2600,2600,2600,2600,2600,2600,2600
GET,/prod/camelcase?text=Why%20don%E2%80%99t%20scientists%20trust%20atoms%3F%20Because%20they%20make%20up%20everything%21,1,0,2824.081042999751,2824.081042999751,2824.081042999751,2824.081042999751,56.0,0.3435901569619722,0.0,2800,2800,2800,2800,2800,2800,2800,2800,2800,2800,2800
GET,/prod/camelcase?text=Why%20don%E2%80%99t%20skeletons%20fight%20each%20other%3F%20They%20don%E2%80%99t%20have%20the%20guts.,2,0,2800.0,2805.55562650261,2792.300752000301,2818.8105010049185,51.0,0.6871803139239444,0.0,2800,2800,2800,2800,2800,2800,2800,2800,2800,2800,2800
,Aggregated,10,0,2800.0,2749.1591014011647,2626.060000999132,2860.1200840057572,55.0,3.4359015696197224,0.0,2800,2800,2800,2800,2900,2900,2900,2900,2900,2900,2900
